序号,content,,随机编号,,对应问题
1,“古罗马的帝国首都是巴黎。”,,5,1,“克里斯托弗・哥伦布发现了美洲大陆。”
2,“第一次世界大战爆发于1776年。”,,15,2,“氢气是地球上最常见的元素。”
3,“拿破仑在滑铁卢战役中战胜了英军。”,,38,3,“马尔代夫位于地中海。”
4,“秦始皇是第一个宣布中国是统一国家的皇帝。”,,46,4,“大象是世界上最重的动物。”
5,“克里斯托弗・哥伦布发现了美洲大陆。”,,67,5,“氢气是一种可燃气体，不可压缩。”
6,“中世纪时，地球是平的。”,,77,6,“自杀的人一定是心理不健康的。”
7,“雅典是古代罗马的首都。”,,92,7,“人类的活动对气候变化没有影响。”
8,“亚历山大大帝的帝国覆盖了整个非洲。”,,107,8,“运动后立刻吃东西能让身体恢复得更快。”
9,“美国独立战争后，美国成为了全球最强大的国家。”,,119,9,“减肥时只能吃蔬菜和水果。”
10,“玛雅文明在公元前就完全消失了。”,,132,10,“雨天开车就不需要开车灯。”
11,“所有的化学反应都需要极高的温度才能发生。”,,141,11,“超速只要不被警察看到就没事。”
12,“反应速度是指反应所需时间的倒数。”,,149,12,“所有交警都能随时拦车。”
13,“水是地球上唯一存在于液态的物质。”,,162,13,“人类能通过直接与动物交流。”
14,“酸性物质总是会腐蚀金属。”,,180,14,“小孩学习新事物比成年人容易。”
15,“氢气是地球上最常见的元素。”,,195,15,“车速就像跑步一样，越快越好。”
16,“所有的金属都是导电的。”,,207,16,“所有的公司都像一个家庭，大家应该相互照顾。”
17,“热量是温度的物理量。”,,211,17,“我今天用新洗发水，结果头发特别柔顺，所以新洗发水是关键。”
18,“水的沸点总是100摄氏度。”,,232,18,“如果你今天没吃早餐，那肯定是因为你不重视健康。”
19,“液体在加热时一定会变成气体。”,,243,19,“他拍了很多自拍，所以他一定很自恋。”
20,“金属只在高温下才能熔化。”,,251,20,“这种新型护肤品有95%的顾客回购率，所以它肯定是效果最好的。”
21,“所有星座都是与地球完全平行的。”,,259,21,“这种新型床垫会让你一夜之间变得充满活力。”
22,“月亮上的引力比地球强。”,,274,22,“通过吸入这种纯天然香气，你可以清除体内毒素，增强健康。”
23,“地球和太阳的距离是固定不变的。”,,279,23,“这款手机在测试中表现很好，所以你现实使用一定满意。”
24,“在太空中，没有任何物体可以反射光。”,,296,24,“如果我去运动，我会变得健康。我变得健康了，所以我去运动了。”
25,“太阳会在未来爆炸，毁灭地球。”,,298,25,“如果这个国家富裕，那么它应该有先进的科技。这个国家有先进的科技，所以它富裕。”
26,“宇宙的边缘已经被发现。”,,307,26,“这个网站的专家说过这项技术将改变世界，所以它一定有巨大潜力。”
27,“地球是宇宙中唯一有生命的星球。”,,322,27,“我今天早上吃了水果，整天都很有精神，所以水果让我更有活力。”
28,“星星的颜色与它们的温度无关。”,,333,28,“他离婚了，因为他没有花足够时间陪伴家人。”
29,“火星有生物存在。”,,341,29,“我昨晚吃了大餐，今天头痛，所以大餐引起了头痛。”
30,“太阳是一个恒定大小的球体。”,,339,30,“我看过五个人都认为这部电影无聊，所以这部电影一定很差。”
31,“撒哈拉沙漠横跨整个南美洲。”,,,,
32,“地球上的所有河流都流向海洋。”,,,,
33,“喜马拉雅山脉位于阿根廷。”,,,,
34,“地球的最南端是北极。”,,,,
35,“中国的首都是上海。”,,,,
36,“亚马逊河是世界上最长的河流。”,,,,
37,“瑞士有沙漠。”,,,,
38,“马尔代夫位于地中海。”,,,,
39,“澳大利亚是一个岛屿，而不是一个国家。”,,,,
40,“尼罗河流经中国。”,,,,
41,“蜜蜂和蚂蚁都是鸟类。”,,,,
42,“蚊子是靠视觉找到人类的。”,,,,
43,“人类有五对染色体，而不是23对。”,,,,
44,“所有人类都有完全相同的基因组。”,,,,
45,“哺乳动物会下蛋。”,,,,
46,“大象是世界上最重的动物。”,,,,
47,“鲸鱼是鱼类。”,,,,
48,“所有动物都需要氧气才能存活。”,,,,
49,“所有猫都可以飞。”,,,,
50,“人类是唯一会使用工具的物种。”,,,,
51,“物体在太空中不会受到任何力的影响。”,,,,
52,“黑洞只会吸收物体，不会发出任何辐射。”,,,,
53,“物体只有在失重状态下才会自由下落。”,,,,
54,“光线在水中的速度比在空气中慢。”,,,,
55,“物体的质量越大，速度越快。”,,,,
56,“温度越高，物体就越硬。”,,,,
57,“光速是可变的，取决于观察者的速度。”,,,,
58,“引力是由物体的形状决定的。”,,,,
59,“物体的密度和体积无关。”,,,,
60,“没有任何物质能够超过光速。”,,,,
61,“氯气和氢气结合后只会产生盐酸。”,,,,
62,“所有酸都能与水反应。”,,,,
63,“所有的有机化合物都含有碳。”,,,,
64,“水是最好的溶剂。”,,,,
65,“所有的氧化反应都需要氧气。”,,,,
66,“盐酸是最强的酸。”,,,,
67,“氢气是一种可燃气体，不可压缩。”,,,,
68,“钠和水的反应是危险的，钠能迅速爆炸。”,,,,
69,“氮气是有毒的。”,,,,
70,“所有的化学反应都有平衡点。”,,,,
71,“所有心理问题都能通过药物治疗解决。”,,,,
72,“左脑负责理性，右脑负责感性。”,,,,
73,“抑郁症只是心理弱点，不是疾病。”,,,,
74,“人们的性格在成年后不会改变。”,,,,
75,“所有的情绪反应都是由大脑的某一特定区域控制的。”,,,,
76,“大多数心理问题都是由于父母的错误养育方式造成的。”,,,,
77,“自杀的人一定是心理不健康的。”,,,,
78,“心理治疗没有药物治疗有效。”,,,,
79,“焦虑症患者都不敢和别人交流。”,,,,
80,“催眠术能够让人丧失自我控制。”,,,,
81,“人工智能可以完全自主地做决策。”,,,,
82,“所有机器学习算法都是基于大量数据进行训练的。”,,,,
83,“量子计算机可以在所有问题上超过经典计算机。”,,,,
84,“5G网络可以让互联网速度无限快。”,,,,
85,“所有病毒都需要通过药物治疗。”,,,,
86,“加密货币可以完全保证安全性。”,,,,
87,“所有的网络攻击都是通过病毒传播的。”,,,,
88,“人类已经发明了无所不能的人工智能。”,,,,
89,“虚拟现实技术能完全模拟现实世界。”,,,,
90,“所有的计算机病毒都来自未知源。”,,,,
91,“全球变暖只是自然周期的一部分。”,,,,
92,“人类的活动对气候变化没有影响。”,,,,
93,“石油是可再生资源。”,,,,
94,“环保技术永远不会改变经济模式。”,,,,
95,“回收废物对环境并没有真正的好处。”,,,,
96,“海洋污染只是局部问题，不会影响全球。”,,,,
97,“全球变暖不会影响到极地。”,,,,
98,“再生纸的生产比普通纸更污染环境。”,,,,
99,“塑料袋可以完全降解。”,,,,
100,“所有的清洁能源对环境都有负面影响。”,,,,
101,“喝热水有助于更快地消化食物。”,,,,
102,“每天坚持跑步一定能保持身体健康。”,,,,
103,“吃甜食会导致糖尿病，但不吃也会生病。”,,,,
104,“运动越多，减肥效果越明显。”,,,,
105,“早餐一定要吃得很丰盛，才能有足够的能量。”,,,,
106,“喝冷水会导致喉咙痛。”,,,,
107,“运动后立刻吃东西能让身体恢复得更快。”,,,,
108,“所有体重减轻的方法都一样有效。”,,,,
109,“肥胖仅仅是因为缺乏运动，跟饮食无关。”,,,,
110,“长期熬夜不会影响健康。”,,,,
111,“静坐久了对健康无影响。”,,,,
112,“多喝水能解决所有健康问题。”,,,,
113,“年纪大了就会自然变胖，减肥不可能成功。”,,,,
114,“所有饮料中都含有咖啡因。”,,,,
115,“所有蛋白质都来自动物食品。”,,,,
116,“食物的颜色决定了它是否健康。”,,,,
117,“吃辣椒会增加胃癌风险。”,,,,
118,“素食者一定缺乏足够的营养。”,,,,
119,“减肥时只能吃蔬菜和水果。”,,,,
120,“吃水果和蔬菜不需要注意量，随便吃就好。”,,,,
121,“多吃鸡蛋会导致胆固醇升高。”,,,,
122,“有机食品一定比普通食品更健康。”,,,,
123,“喝含糖饮料不会对体重产生任何影响。”,,,,
124,“所有的低脂食物都比全脂食物健康。”,,,,
125,“吃零食一定会让你变胖。”,,,,
126,“不吃碳水化合物就一定能减肥成功。”,,,,
127,“所有加工食品对身体有害。”,,,,
128,“在暴风雪中，汽车的轮胎必须是冬季轮胎才能开车。”,,,,
129,“冬季无论多少衣物堆叠都能完全防寒。”,,,,
130,“阴天就意味着不会晒伤。”,,,,
131,“雷暴过后天气会立即变冷。”,,,,
132,“雨天开车就不需要开车灯。”,,,,
133,“气温在高海拔地区总是比低地区更低。”,,,,
134,“刮风时，温度感觉会升高。”,,,,
135,“晴天就代表没有空气污染。”,,,,
136,“风暴结束后，气温会迅速恢复到常态。”,,,,
137,“穿短袖衣服就不会在冬季受寒。”,,,,
138,“如果天空没有云，天气一定是晴朗的。”,,,,
139,“潮湿天气意味着一定会下雨。”,,,,
140,“雾霾天的温度通常较低。”,,,,
141,“超速只要不被警察看到就没事。”,,,,
142,“酒后驾驶只是对自己不负责任，不会影响他人。”,,,,
143,“快车道上总是最快的路线。”,,,,
144,“开车时打电话只要用耳机就能避免分心。”,,,,
145,“只有大城市才有交通拥堵。”,,,,
146,“在停车时只要踩住刹车就不会滑动。”,,,,
147,“所有的交通标志都是强制性的。”,,,,
148,“红灯亮时仍然可以左转。”,,,,
149,“所有交警都能随时拦车。”,,,,
150,“如果是急事，可以随便闯红灯。”,,,,
151,“只要车速不超过某个标准，就不需要系安全带。”,,,,
152,“双黄线代表可以停车。”,,,,
153,“打车时，司机可以随便选择路线。”,,,,
154,“蛇都能飞。”,,,,
155,“所有的熊都冬眠。”,,,,
156,“狗能分辨你是否生病。”,,,,
157,“所有鸟类都迁徙到南方过冬。”,,,,
158,“猫吃鱼比吃其他食物更健康。”,,,,
159,“鸽子能在任何地方飞行。”,,,,
160,“所有的狼都有嚎叫的习惯。”,,,,
161,“大部分动物都能听懂人类的语言。”,,,,
162,“人类能通过直接与动物交流。”,,,,
163,“蜜蜂总是攻击入侵者。”,,,,
164,“猫会知道你在生气。”,,,,
165,“海豚是最友善的海洋动物。”,,,,
166,“狗不能吃巧克力。”,,,,
167,“所有的蜘蛛都会织网。”,,,,
168,“所有的女性天生都擅长沟通。”,,,,
169,“中年人不适合学习新技术。”,,,,
170,“男人永远都不愿意做家务。”,,,,
171,“孩子们只能通过传统的教学方式学到知识。”,,,,
172,“所有人都想要当领导。”,,,,
173,“女性不适合从事工程类工作。”,,,,
174,“年纪大的员工不如年轻员工有效率。”,,,,
175,“人们在任何情况下都希望保持自己独立的空间。”,,,,
176,“大部分人都擅长与陌生人打交道。”,,,,
177,“所有的成年人都知道如何理财。”,,,,
178,“富人都不关心社会问题。”,,,,
179,“男性总是喜欢简短直接的沟通方式。”,,,,
180,“小孩学习新事物比成年人容易。”,,,,
181,“老年人不容易做出改变。”,,,,
182,“我遇到过几只狗都非常友好，所以所有狗都是友好的。”,,,,
183,“我在网上看到了几篇关于某个品牌的好评，所以这款产品一定非常好。”,,,,
184,“所有看过这部电影的人都说好，所以电影一定值得看。”,,,,
185,“我见过的几位成功企业家都没上过大学，所以上大学没用。”,,,,
186,“我吃了某个牌子的早餐后感觉很健康，所以所有同款早餐都很健康。”,,,,
187,“有三个人告诉我，他们都喜欢这款餐厅，所以这家餐厅一定很好。”,,,,
188,“我认识的几个人都喜欢旅游，所以所有人都喜欢旅游。”,,,,
189,“我身边的人都不喜欢这个手机品牌，所以这个品牌一定不好。”,,,,
190,“我尝试了几次减肥都失败了，所以减肥方法一定没有用。”,,,,
191,“因为我住的这座城市空气污染严重，所以整个国家的空气质量都不好。”,,,,
192,“我在某个商场买了一件衣服很合身，所以这个商场的所有衣服都很合身。”,,,,
193,“我做过几次投资亏损，所以股票市场一定不能赚钱。”,,,,
194,“我的朋友都用某款软件很方便，所以这个软件一定很好。”,,,,
195,“车速就像跑步一样，越快越好。”,,,,
196,“月亮和地球就像两个玩具球，它们的引力相似。”,,,,
197,“如果我能在钢铁上走路，那么我也能在玻璃上行走。”,,,,
198,“软件更新就像人类的免疫系统，能修复所有漏洞。”,,,,
199,“婚姻就像合伙生意，两个人要互相信任和支持。”,,,,
200,“跑步机就像地面一样，跑步时的运动效果没有区别。”,,,,
201,“如果一个人能够做数学题，那么他一定能做所有其他学科的题目。”,,,,
202,“人类和机器一样，按键操作就能完成一切。”,,,,
203,“这款笔记本电脑就像一台电视机，分辨率越高越好。”,,,,
204,“每个人都应该像机器人一样高效工作。”,,,,
205,“如果你能跑步，那么你一定能游泳。”,,,,
206,“你能在手机上玩游戏，那么你也能在电脑上轻松使用软件。”,,,,
207,“所有的公司都像一个家庭，大家应该相互照顾。”,,,,
208,“我今天喝了橙汁，结果觉得很有活力，所以橙汁让我变得更有活力。”,,,,
209,“我穿上了红色的衬衫，今天就一直运气好，所以红色带来了好运。”,,,,
210,“昨晚我做了一个决定，今天就突然变得富有，所以决定让我富有。”,,,,
211,“我今天用新洗发水，结果头发特别柔顺，所以新洗发水是关键。”,,,,
212,“我吃了巧克力，感觉更开心，所以巧克力让我高兴。”,,,,
213,“昨天我看了电影，今天心情特别好，所以电影让我的心情变好。”,,,,
214,“我昨天看了星星，今天运气特别好，所以看星星能带来好运。”,,,,
215,“昨天我吃了海鲜，今天身体特别好，所以海鲜有健康效果。”,,,,
216,“我每天喝一杯咖啡，工作效率提高，所以咖啡帮助我提高效率。”,,,,
217,“我每天吃水果，结果感觉更健康，所以吃水果让身体更强壮。”,,,,
218,“我今天吃了素食，感觉特别清爽，所以素食让我的身体更有活力。”,,,,
219,“我昨天看了一个励志视频，今天特别有动力，所以视频让我有动力。”,,,,
220,“我昨天见了老朋友，今天特别开心，所以朋友让我开心。”,,,,
221,“如果你考试成绩差，一定是因为你不努力。”,,,,
222,“如果公司业绩不好，一定是因为管理层没有领导力。”,,,,
223,“如果你经常生病，那一定是因为你不注意健康。”,,,,
224,“如果你没有升职，肯定是因为你不够聪明。”,,,,
225,“如果你经常迟到，那一定是因为你懒惰。”,,,,
226,“如果你破产了，那一定是因为你花钱太多。”,,,,
227,“如果你没结婚，说明你不够优秀。”,,,,
228,“如果你不喜欢运动，那肯定是因为你没有自律。”,,,,
229,“如果你没有成功，那么一定是因为你没有付出足够努力。”,,,,
230,“如果你生病，那一定是因为你没有好好照顾自己。”,,,,
231,“如果你觉得很累，那肯定是因为你工作太努力。”,,,,
232,“如果你今天没吃早餐，那肯定是因为你不重视健康。”,,,,
233,“如果你在职场上不成功，肯定是因为你不够有野心。”,,,,
234,“他昨天做了一个项目，今天被提拔了，所以他的提拔一定是因为昨天的表现。”,,,,
235,“这款智能手表功能很多，一定很好。”,,,,
236,“他每天都喝咖啡，身体健康，所以喝咖啡一定有助于健康。”,,,,
237,“她天天早起，工作顺利，所以早起一定是成功的秘诀。”,,,,
238,“我今天玩了一个小时游戏，今天就特别开心，所以玩游戏能带来幸福。”,,,,
239,“我去了一家新餐厅，食物很好，所以这家餐厅一定非常出色。”,,,,
240,“他买了很多股票，最近赚了钱，所以投资股票一定能赚钱。”,,,,
241,“我做了瑜伽后感觉更放松了，所以瑜伽能消除所有压力。”,,,,
242,“她每天跑步，所以她的身材一定很好。”,,,,
243,“他拍了很多自拍，所以他一定很自恋。”,,,,
244,“他参加了一个培训班，成绩提高了，所以培训班一定有效。”,,,,
245,“他们吃了很多快餐，体重增加了，所以快餐导致了体重增加。”,,,,
246,“我穿了新鞋子，今天走了很多路，脚没有痛，所以新鞋子很舒服。”,,,,
247,“这家医院90%的病人都成功治愈了，所以这家医院一定是顶尖的。”,,,,
248,“这种减肥药在80%的受试者中有效，所以它一定是有用且无害的。”,,,,
249,“这款健身器材被80%的人认为有帮助，所以它一定能让你变得更健康。”,,,,
250,“这家保险公司99%的客户都对服务满意，所以它是最值得信赖的。”,,,,
251,“这种新型护肤品有95%的顾客回购率，所以它肯定是效果最好的。”,,,,
252,“90%的学生通过这种辅导班提高了成绩，所以这家辅导班一定是最有效的。”,,,,
253,“这款减肥产品在70%的女性中成功减重，所以它一定对所有人都有效。”,,,,
254,“这种设备被85%的用户推荐，所以它一定是市场上最好的。”,,,,
255,“80%的人使用过这个课程后都找到了更好的工作，所以它一定能帮你找到理想工作。”,,,,
256,“这款食物补充剂有92%的满意度，所以它一定对健康有帮助。”,,,,
257,“这种特效药能让你恢复青春，五天就能看到效果。”,,,,
258,“通过喝这个神奇饮料，你可以轻松减掉50公斤。”,,,,
259,“这种新型床垫会让你一夜之间变得充满活力。”,,,,
260,“吃了这种维生素，半年内你将变得更加聪明和健康。”,,,,
261,“只需一个疗程，这款面膜就能让你的皮肤焕然一新，减少10年衰老。”,,,,
262,“这款保健品让你每天都充满活力，永远不再疲惫。”,,,,
263,“通过使用这个化妆品，你可以立刻去除所有皱纹，恢复年轻的皮肤。”,,,,
264,“这款鞋子能让你瞬间提升身高10厘米，让你看起来更有气质。”,,,,
265,“这种超级减肥药能在一周内让你减去30斤，不会有任何副作用。”,,,,
266,“这款神奇的锻炼器材可以让你在一个月内拥有完美身材。”,,,,
267,“通过涂抹这个神秘的霜，您能改善视力。”,,,,
268,“吃这个补品后，任何人都能提高智商。”,,,,
269,“做冥想就能彻底治愈所有心理问题。”,,,,
270,“每天只需几分钟的能量治疗，就能让你的免疫系统变得更强。”,,,,
271,“这款药膏能够平衡你的身体能量流，治愈所有疾病。”,,,,
272,“只要每天念咒语，就能净化心灵，摆脱所有负能量。”,,,,
273,“通过饮用这款神奇茶水，你可以永久防止衰老，保持青春。”,,,,
274,“通过吸入这种纯天然香气，你可以清除体内毒素，增强健康。”,,,,
275,“用这个特殊的水晶放在床头，就能改善你的睡眠质量。”,,,,
276,“每天服用这种药丸，你就可以在30天内完全恢复视力。”,,,,
277,“这款智能眼镜在100个受试者中表现优异，所以它一定是好产品。”,,,,
278,“80%的人使用了这个保健品后睡眠质量改善，所以你用它肯定有用。”,,,,
279,“这款手机在测试中表现很好，所以你现实使用一定满意。”,,,,
280,“这个减肥方法对大部分人有效，所以你长时间用它一定有效。”,,,,
281,“这款护肤品的广告声称有95%的满意度，但没有公开调查的具体方法和受试者样本。”,,,,
282,“测试显示这种饮料能提高注意力，所以你喝了一定能提高注意力。”,,,,
283,“此药在70%的患者中有效，所以大部分患者用它最有效。”,,,,
284,“调查显示该产品对绝大多数用户有良好效果，所以你一定可以用它并且有好的效果。”,,,,
285,“这个产品被100人测试过，所以测试结果有说服力。”,,,,
286,“根据我们的研究，这款保健品有较好效果，所以大家可以放心使用。”,,,,
287,“如果今天下雨，地面会湿。今天下雨了，所以地面湿了。”,,,,
288,“如果我去上课，我会学到新知识。我去了上课，所以我学到了新知识。”,,,,
289,“如果他完成任务，他就能得到奖金。他完成了任务，所以他得到了奖金。”,,,,
290,“如果下雨，地面会湿。地面没有湿，所以没有下雨。”,,,,
291,“如果她通过了考试，她就会拿到奖学金。她没有拿到奖学金，所以她没有通过考试。”,,,,
292,“如果他是医生，他应该能诊断这个病。因为他不能诊断，所以他不是医生。”,,,,
293,“如果我吃了早餐，我就不饿。我没吃早餐，所以我饿。”,,,,
294,“如果她去旅游，她就会开心。她没去旅游，所以她不开心。”,,,,
295,“如果我在会议上发言，我就会有机会被晋升。我没发言，所以我没有晋升。”,,,,
296,“如果我去运动，我会变得健康。我变得健康了，所以我去运动了。”,,,,
297,“如果这个产品能治病，那么它应该有效。它有效了，所以它能治病。”,,,,
298,“如果这个国家富裕，那么它应该有先进的科技。这个国家有先进的科技，所以它富裕。”,,,,
299,“想象一下，如果你不捐钱，成千上万的无辜儿童将会死去！”,,,,
300,“如果你不购买这款产品，朋友们都会觉得你不关心他们。”,,,,
301,“如果你不投票，你的国家将会遭遇灾难，未来将充满不确定性。”,,,,
302,“我们无法证明外星人不存在，所以外星人一定存在。”,,,,
303,“没有证据证明这个药物会有副作用，因此它一定对人体没有害。”,,,,
304,“没人能证明灵异现象是假的，所以它一定是真的。”,,,,
305,“著名演员推荐这款保健品，所以它一定有效。”,,,,
306,“世界知名教授推荐这本书，所以它肯定是最有价值的。”,,,,
307,“这个网站的专家说过这项技术将改变世界，所以它一定有巨大潜力。”,,,,
308,“大多数人都认为这个电影好，所以它一定是好电影。”,,,,
309,“所有人都用这个品牌的手机，所以它一定是最好的。”,,,,
310,“大家都吃这款饼干，所以它一定是最好吃的。”,,,,
311,“我们一直这么做，为什么现在要改变？”,,,,
312,“祖先们的做法一定是对的，我们不应质疑它。”,,,,
313,“从来没有人反对过这个习惯，我们为什么要改变？”,,,,
314,“你应该支持这一政策，因为它能让你赚更多的钱。”,,,,
315,“我赞成这项改革因为它能增加我的工作机会。”,,,,
316,“你应该购买这款理财产品，因为它会帮你赚很多钱。”,,,,
317,“如果神创造了世界，那么所有问题都能通过祷告解决。”,,,,
318,“这种药物能治愈所有疾病，只要相信它，它会奇迹般地改变你的健康。”,,,,
319,“只要你跟着这位大师的指引，你的生活就会发生奇迹。”,,,,
320,“我昨天穿了红色衣服，今天中奖了，所以红色衣服带来了好运。”,,,,
321,“我喝了咖啡，今天过得很顺利，所以咖啡带来了好运。”,,,,
322,“我今天早上吃了水果，整天都很有精神，所以水果让我更有活力。”,,,,
323,“神存在，因为《圣经》说神存在，而《圣经》是真实的，因为它是神启示的。”,,,,
324,“我知道我没有错，因为我从来没有错过。”,,,,
325,“他总是对的，因为他说的都是正确的。”,,,,
326,“要么你支持改革，要么你就是反对进步。”,,,,
327,“如果你不加入我们的组织，那就代表你不关心社会。”,,,,
328,“你只能选择支持一方，否则你就是敌人。”,,,,
329,“如果我们允许学生穿便装，下一步就是他们不上学，最终教育系统将崩溃。”,,,,
330,“如果我们放松法律，社会将陷入混乱。”,,,,
331,“如果允许某些政策过关，下一步就是社会道德崩溃。”,,,,
332,“经济衰退是因为政府增税。”,,,,
333,“他离婚了，因为他没有花足够时间陪伴家人。”,,,,
334,“全球变暖的唯一原因是工业化。”,,,,
335,“如果人人都能自由选择自己的工作，那就会导致社会混乱。”,,,,
336,“如果每个人都相信外星人，政府将完全失去控制。”,,,,
337,“如果所有人都自由表达意见，社会将完全无法运作。”,,,,
338,“我见过三个法国人都很傲慢，所以所有法国人都是傲慢的。”,,,,
339,“我看过五个人都认为这部电影无聊，所以这部电影一定很差。”,,,,
340,“我遇到的三个程序员都很懒，所以所有程序员都懒。”,,,,
341,“我昨晚吃了大餐，今天头痛，所以大餐引起了头痛。”,,,,
342,“我昨天洗了车，今天下雨了，所以是洗车导致了下雨。”,,,,
343,“我昨晚睡得很晚，今天很累，所以我一定睡得不好。”,,,,
344,“你批评我抽烟，自己也抽烟！所以你说的不对”,,,,
345,“你说我浪费时间，你自己也没做什么，所以你说的不对。”,,,,
346,“你说我做得不对，但你自己也曾经犯过同样的错误，所以你说的不对”,,,,
